Aconst,MeanError,MAE,MSE
118.9,0.4225,0.4225,0.24481249999999996
119.2,0.11249999999999993,0.29750000000000004,0.10116250000000002
119.35000000000001,-0.03749999999999998,0.3175,0.10221250000000001
119.27000000000001,0.04250000000000009,0.30749999999999994,0.09636249999999996
119.31000000000002,0.007500000000000062,0.3125,0.09771249999999998
119.33000000000001,-0.01749999999999996,0.3175,0.1011125
119.32000000000001,-0.007499999999999951,0.3175,0.1008625
119.31,0.007500000000000062,0.3125,0.09771249999999998
