Aconst,MeanError,MAE,MSE
119.22,0.014382422802850238,0.34523752969121135,0.18837298099762464
119.23,0.01435866983372912,0.3452137767220902,0.18835469121140136
119.24000000000001,0.014334916864608001,0.3451900237529691,0.1883397268408551
119.25000000000001,0.014287410926365764,0.34514251781472677,0.18830742280285032
119.26000000000002,0.014239904988123527,0.3450950118764845,0.1882760688836104
119.27000000000002,0.014216152019002408,0.34507125890736334,0.18826252969121135
119.28000000000003,0.014168646080760036,0.34502375296912113,0.1882326009501187
119.29000000000003,0.014144893111638917,0.34500000000000003,0.18821621140142514
119.30000000000004,0.014121140142517799,0.3449762470308788,0.18820362232779092
