Aconst,MeanError,MAE,MSE
118.9,0.3110000000000001,0.4790000000000001,0.2802450000000001
119.2,0.03500000000000014,0.36900000000000005,0.16558499999999995
119.35000000000001,-0.1009999999999998,0.3409999999999999,0.16768499999999992
119.27000000000001,-0.02900000000000009,0.35700000000000004,0.16290499999999997
119.23,0.009000000000000164,0.36299999999999993,0.1632249999999999
119.25,-0.010999999999999944,0.35900000000000004,0.16172499999999995
119.24,-0.0009999999999999788,0.36100000000000004,0.163145
