Aconst,MeanError,MAE,MSE
119.31,0.007500000000000062,0.3125,0.09771249999999998
119.32000000000001,-0.007499999999999951,0.3175,0.1008625
119.31,0.007500000000000062,0.3125,0.09771249999999998
