Aconst,MeanError,MAE,MSE
119.14,0.009394299,0.344239905,0.18460196
119.18,-0.022339667,0.345831354,0.184345665
119.16,-0.006330166,0.344857482,0.184175119
119.15,0.001484561,0.344572447,0.184384145