Aconst,MeanError,MAE,MSE
119.24,-0.0016983372921617309,0.3460688836104513,0.1881154988123515
119.19999999999999,0.030296912114014377,0.34509501187648456,0.18980694774346793
119.21999999999998,0.014382422802850778,0.34523752969121135,0.18837298099762464
