Aconst,MeanError,MAE,MSE
119.35,-0.0029999999999997585,0.363,0.17972499999999994
119.30999999999999,0.03500000000000014,0.3690000000000001,0.182525
119.32999999999998,0.015000000000000036,0.3650000000000001,0.18152500000000002
119.33999999999999,0.008999999999999985,0.3630000000000001,0.17904500000000004
119.35,-0.0029999999999997585,0.363,0.17972499999999994
