Aconst,MeanError,MAE,MSE
119.14,0.00939429928741116,0.34423990498812346,0.18460195961995246
119.18,-0.022339667458432914,0.34583135391923986,0.18434566508313538
119.16000000000001,-0.006330166270783087,0.3448574821852732,0.1841751187648456
119.15,0.001484560570071934,0.3445724465558194,0.1843841448931116
