Aconst,MeanError,MAE,MSE
118.9,0.4070000000000002,0.575,0.38110499999999997
119.2,0.133,0.38699999999999996,0.2064449999999999
119.35000000000001,-0.0029999999999997585,0.363,0.17972499999999994
119.27000000000001,0.06900000000000013,0.37500000000000006,0.18968500000000002
119.31000000000002,0.03500000000000014,0.3690000000000001,0.182525
119.33000000000001,0.015000000000000036,0.3650000000000001,0.18152500000000002
119.34000000000002,0.008999999999999985,0.3630000000000001,0.17904500000000004
119.35000000000002,-0.0029999999999997585,0.363,0.17972499999999994
