Aconst,MeanError,MAE,MSE
118.9,0.20286223277909704,0.3762826603325415,0.231308135391924
119.2,-0.03837292161520184,0.34780285035629444,0.18544661520190023
119.05,0.08188836104513016,0.34709026128266024,0.1927874703087886
