Aconst,MeanError,MAE,MSE
118.9,0.3032499999999997,0.37775,0.20036874999999998
119.2,0.033749999999999857,0.25825,0.10234374999999998
119.35000000000001,-0.10024999999999995,0.26925,0.10901874999999998
119.27000000000001,-0.03025000000000002,0.26125,0.10093375
119.23,0.007249999999999979,0.25975,0.10125374999999999
119.25,-0.01125000000000007,0.2592499999999999,0.10032374999999998
119.24,-0.0022499999999999075,0.2592499999999999,0.10083875
119.22999999999999,0.007249999999999979,0.25975,0.10125374999999999
